Name,Email
John Doe,johndoe1@example.com
Jane Smith,janesmith2@example.com
Alice Johnson,alicejohnson3@example.com
Bob Brown,bobbrown4@example.com
Charlie Davis,charliedavis5@example.com
Emily White,emilywhite6@example.com
Frank Harris,frankharris7@example.com
Grace Lee,gracelee8@example.com
Henry Walker,henrywalker9@example.com
Isla Young,islabrown10@example.com
Jack King,jackking11@example.com
Kara Scott,karascott12@example.com
Liam Hall,liamhall13@example.com
Mia Allen,miaallen14@example.com
Noah Wright,noahwright15@example.com
Olivia Green,oliviagreen16@example.com
Paul Adams,pauladams17@example.com
Quinn Baker,quinnbaker18@example.com
Ruby Carter,rubycarter19@example.com
Sam Evans,samevans20@example.com
Tina Foster,tinafoster21@example.com
Uma Gray,umagray22@example.com
Victor Hill,victorhill23@example.com
Wendy Hughes,wendyhughes24@example.com
Xander James,xanderjames25@example.com
Yara Kelly,yarakelly26@example.com
Zack Lewis,zacklewis27@example.com
Anna Martin,annamartin28@example.com
Ben Nelson,bennelson29@example.com
Cathy Owens,cathyowens30@example.com
David Perez,davidperez31@example.com
Ella Quinn,ellaquinn32@example.com
Finn Roberts,finnroberts33@example.com
Gina Stewart,ginastewart34@example.com
Hank Turner,hankturner35@example.com
Ivy Underwood,ivyunderwood36@example.com
Jake Vaughn,jakevaughn37@example.com
Kylie Watson,kyliewatson38@example.com
Leo Xavier,leoxavier39@example.com
Mona Young,monayoung40@example.com
Nate Zimmerman,natezimmerman41@example.com
Olga Anderson,olgaanderson42@example.com
Pete Brooks,petebrooks43@example.com
Quincy Clark,quincyclark44@example.com
Rachel Diaz,racheldiaz45@example.com
Steve Edwards,steveedwards46@example.com
Tara Fisher,tarafisher47@example.com
Umar Grant,umargrant48@example.com
Vera Howard,verahoward49@example.com
Will Irving,willirving50@example.com
